File;Method Name;Average; Distance
spring-aop/src/main/java/org/springframework/aop/framework/ProxyProcessorSupport.java;ProxyProcessorSupport.isConfigurationCallbackInterface( Class < ? > ifc );-0.75;0.1376526853593654 
spring-aop/src/main/java/org/springframework/aop/support/DefaultBeanFactoryPointcutAdvisor.java;DefaultBeanFactoryPointcutAdvisor.toString( );-0.3333333333333333;0.023583300715070133 
spring-aop/src/main/java/org/springframework/aop/support/DefaultPointcutAdvisor.java;DefaultPointcutAdvisor.toString( );-0.3333333333333333;0.023583300715070133 
spring-aop/src/main/java/org/springframework/aop/support/IntroductionInfoSupport.java;IntroductionInfoSupport.implementsInterface( Class < ? > ifc );0.5;0.06163896499816968 
spring-aop/src/main/java/org/springframework/aop/target/AbstractBeanFactoryBasedTargetSource.java;AbstractBeanFactoryBasedTargetSource.hashCode( );-0.5;0.061569384644295254 
spring-aop/src/testFixtures/java/org/springframework/aop/testfixture/advice/MethodCounter.java;MethodCounter.equals( Object other );-0.3333333333333333;0.03144440095342684 
spring-aspects/src/test/java/org/springframework/cache/config/AnnotatedJCacheableService.java;AnnotatedJCacheableService.earlyRemoveAll( );0.8333333333333334;0.10056951511734803 
spring-beans/src/main/java/org/springframework/beans/PropertyAccessorUtils.java;PropertyAccessorUtils.canonicalPropertyName( @ Nullable String propertyName );-0.4;0.2436524896497862 
spring-beans/src/main/java/org/springframework/beans/PropertyEditorRegistrySupport.java;PropertyEditorRegistrySupport.addStrippedPropertyPaths( List < String > strippedPaths , String nestedPath , String propertyPath );-0.5714285714285714;0.17672207000366064 
spring-beans/src/main/java/org/springframework/beans/PropertyMatches.java;PropertyMatches.calculateStringDistance( String s1 , String s2 );-0.4;0.2666385735790113 
spring-beans/src/main/java/org/springframework/beans/factory/annotation/Autowire.java;isAutowire( );-0.3333333333333333;0.03144440095342684 
spring-beans/src/main/java/org/springframework/beans/factory/config/DependencyDescriptor.java;DependencyDescriptor.hashCode( );-0.3333333333333333;0.023583300715070133 
spring-beans/src/main/java/org/springframework/beans/factory/support/BeanDefinitionReaderUtils.java;BeanDefinitionReaderUtils.uniqueBeanName( String beanName , BeanDefinitionRegistry registry );-0.4;0.09194433571690044 
spring-beans/src/main/java/org/springframework/beans/factory/support/NullBean.java;NullBean.equals( @ Nullable Object obj );-0.3333333333333333;0.03144440095342684 
spring-beans/src/main/java/org/springframework/beans/support/PagedListHolder.java;PagedListHolder.getFirstLinkedPage( );-0.3333333333333333;0.023583300715070133 
spring-beans/src/main/java/org/springframework/beans/support/PagedListHolder.java;PagedListHolder.getLastElementOnPage( );-0.4;0.05056938464429525 
spring-beans/src/main/java/org/springframework/beans/support/PagedListHolder.java;PagedListHolder.getLastLinkedPage( );-0.6666666666666666;0.05084718416758182 
spring-beans/src/main/java/org/springframework/beans/support/PagedListHolder.java;PagedListHolder.getPageCount( );-0.5;0.06716660143014028 
spring-beans/src/main/java/org/springframework/beans/support/PagedListHolder.java;PagedListHolder.isLastPage( );-0.3333333333333333;0.023583300715070133 
spring-beans/src/test/java/org/springframework/beans/AbstractPropertyAccessorTests.java;AbstractPropertyAccessorTests.setAsText( String text );-1.0;0.08477773428676018 
spring-beans/src/test/java/org/springframework/beans/AbstractPropertyAccessorTests.java;AbstractPropertyAccessorTests.setValue( Object value );-0.6666666666666666;0.05084718416758182 
spring-beans/src/test/java/org/springframework/beans/BeanUtilsTests.java;BeanUtilsTests.copyPropertiesWithEditable( );-0.35714285714285715;0.08754155250274546 
spring-beans/src/test/java/org/springframework/beans/BeanUtilsTests.java;BeanUtilsTests.copyPropertiesWithIgnore( );-0.35714285714285715;0.08754155250274546 
spring-beans/src/test/java/org/springframework/beans/factory/DefaultListableBeanFactoryTests.java;DefaultListableBeanFactoryTests.empty( );-0.3333333333333333;0.039305501191783554 
spring-beans/src/test/java/org/springframework/beans/factory/DefaultListableBeanFactoryTests.java;DefaultListableBeanFactoryTests.singleTestBean( ListableBeanFactory lbf );-0.36363636363636365;0.07197086717754721 
spring-beans/src/test/java/org/springframework/beans/factory/xml/UtilNamespaceHandlerTests.java;UtilNamespaceHandlerTests.testScopedMap( );0.5714285714285714;0.06652189606972898 
spring-beans/src/test/java/org/springframework/beans/factory/xml/UtilNamespaceHandlerTests.java;UtilNamespaceHandlerTests.testSimpleMap( );0.6666666666666666;0.07283339856985972 
spring-beans/src/test/java/org/springframework/beans/factory/xml/XmlBeanCollectionTests.java;XmlBeanCollectionTests.testIntegerArray( );-0.42857142857142855;0.058595172858711686 
spring-beans/src/test/java/org/springframework/beans/factory/xml/XmlListableBeanFactoryTests.java;XmlListableBeanFactoryTests.factoryReferences( );-0.3333333333333333;0.05502770166849698 
spring-beans/src/test/java/org/springframework/beans/factory/xml/XmlListableBeanFactoryTests.java;XmlListableBeanFactoryTests.prototypeReferences( );-0.5;0.09515268535936539 
spring-context-indexer/src/main/java/org/springframework/context/index/processor/MetadataCollector.java;MetadataCollector.shouldBeMerged( ItemMetadata itemMetadata );-0.4;0.059763818215985295 
spring-context-support/src/test/java/org/springframework/cache/jcache/interceptor/AnnotatedJCacheableService.java;AnnotatedJCacheableService.earlyRemoveAll( );0.8333333333333334;0.10056951511734803 
spring-context/src/main/java/org/springframework/cache/support/NullValue.java;NullValue.equals( @ Nullable Object obj );-0.3333333333333333;0.03144440095342684 
spring-context/src/main/java/org/springframework/context/annotation/DeferredImportSelector.java;Entry.hashCode( );-0.3333333333333333;0.023583300715070133 
spring-context/src/main/java/org/springframework/format/support/FormattingConversionServiceFactoryBean.java;FormattingConversionServiceFactoryBean.registerFormatters( FormattingConversionService conversionService );0.42857142857142855;0.12540891499555495 
spring-context/src/main/java/org/springframework/jmx/support/JmxUtils.java;JmxUtils.isMBean( @ Nullable Class < ? > clazz );-0.4;0.06895825178767534 
spring-context/src/main/java/org/springframework/jndi/JndiLocatorSupport.java;JndiLocatorSupport.convertJndiName( String jndiName );-0.3333333333333333;0.06288880190685368 
spring-context/src/main/java/org/springframework/scheduling/annotation/ScheduledAnnotationBeanPostProcessor.java;ScheduledAnnotationBeanPostProcessor.isP( char ch );-0.3333333333333333;0.03144440095342684 
spring-context/src/main/java/org/springframework/ui/ConcurrentModel.java;ConcurrentModel.addAttribute( Object attributeValue );0.42857142857142855;0.044261969998431155 
spring-context/src/main/java/org/springframework/ui/ModelMap.java;ModelMap.addAttribute( Object attributeValue );0.42857142857142855;0.044261969998431155 
spring-context/src/main/java/org/springframework/validation/FieldError.java;FieldError.hashCode( );-0.5714285714285714;0.09467253750196106 
spring-context/src/main/java/org/springframework/validation/ObjectError.java;ObjectError.hashCode( );-0.3333333333333333;0.023583300715070133 
spring-context/src/test/java/org/springframework/aop/framework/AbstractAopProxyTests.java;AbstractAopProxyTests.matches( Method m , @ Nullable Class < ? > targetClass );-2.6666666666666665;0.3544304848826519 
spring-context/src/test/java/org/springframework/context/support/ApplicationContextLifecycleTests.java;ApplicationContextLifecycleTests.startOrder( );-0.3333333333333333;0.10219430309863725 
spring-context/src/test/java/org/springframework/context/support/ApplicationContextLifecycleTests.java;ApplicationContextLifecycleTests.stopOrder( );-0.3157894736842105;0.10138801111255244 
spring-context/src/test/java/org/springframework/scheduling/support/BitsCronFieldTests.java;BitsCronFieldTests.matches( BitsCronField value );-0.375;0.07390268535936538 
spring-context/src/test/java/org/springframework/scheduling/support/PeriodicTriggerTests.java;PeriodicTriggerTests.assertApproximateDifference( Instant lesser , Instant greater , long expected );-0.3333333333333333;0.039305501191783554 
spring-context/src/test/java/org/springframework/validation/DataBinderTests.java;DataBinderTests.setAsText( String text );-0.6666666666666666;0.05084718416758182 
spring-context/src/testFixtures/java/org/springframework/context/testfixture/AbstractApplicationContextTests.java;AbstractApplicationContextTests.doTestEvents( TestApplicationListener listener , TestApplicationListener parentListener , MyEvent event );-0.3333333333333333;0.05502770166849698 
spring-core-test/src/main/java/org/springframework/aot/agent/MethodReference.java;MethodReference.toString( );-0.3333333333333333;0.023583300715070133 
spring-core/src/main/java/org/springframework/aot/hint/ExecutableMode.java;includes( @ Nullable ExecutableMode other );-0.3333333333333333;0.03144440095342684 
spring-core/src/main/java/org/springframework/aot/hint/ReflectionTypeReference.java;ReflectionTypeReference.getEnclosingClass( Class < ? > type );0.6;0.05402783214154977 
spring-core/src/main/java/org/springframework/asm/AnnotationVisitor.java;AnnotationVisitor.AnnotationVisitor( final int api , final AnnotationVisitor annotationVisitor );-0.38461538461538464;0.15107460148796154 
spring-core/src/main/java/org/springframework/asm/AnnotationWriter.java;AnnotationWriter.computeParameterAnnotationsSize( final String attributeName , final AnnotationWriter [ ] annotationWriters , final int annotableParameterCount );-0.4444444444444444;0.09579156337549988 
spring-core/src/main/java/org/springframework/asm/ByteVector.java;ByteVector.encodeUtf8( final String stringValue , final int offset , final int maxByteLength );-0.7804878048780488;0.8150031989586745 
spring-core/src/main/java/org/springframework/asm/ByteVector.java;ByteVector.put112( final int byteValue1 , final int byteValue2 , final int shortValue );-0.38461538461538464;0.0977541539039751 
spring-core/src/main/java/org/springframework/asm/ByteVector.java;ByteVector.put12( final int byteValue , final int shortValue );-0.3333333333333333;0.07861100238356711 
spring-core/src/main/java/org/springframework/asm/ByteVector.java;ByteVector.put122( final int byteValue , final int shortValue1 , final int shortValue2 );-0.5;0.13993041964612557 
spring-core/src/main/java/org/springframework/asm/ByteVector.java;ByteVector.putInt( final int intValue );-0.5384615384615384;0.14356397209104976 
spring-core/src/main/java/org/springframework/asm/ByteVector.java;ByteVector.putLong( final long longValue );-0.7894736842105263;0.3226942378621109 
spring-core/src/main/java/org/springframework/asm/ByteVector.java;ByteVector.putUTF8( final String stringValue );-0.3333333333333333;0.17294420524384763 
spring-core/src/main/java/org/springframework/asm/ClassReader.java;ClassReader.getFirstAttributeOffset( );-0.9090909090909091;0.5037825455912138 
spring-core/src/main/java/org/springframework/asm/ClassReader.java;ClassReader.getTypeAnnotationBytecodeOffset( final int [ ] typeAnnotationOffsets , final int typeAnnotationIndex );-0.375;0.08259711893105542 
spring-core/src/main/java/org/springframework/asm/ClassReader.java;ClassReader.readBootstrapMethodsAttribute( final int maxStringLength );-0.42857142857142855;0.1855513807192537 
spring-core/src/main/java/org/springframework/asm/ClassReader.java;ClassReader.readInt( final int offset );-1.7142857142857142;0.37254155250274545 
spring-core/src/main/java/org/springframework/asm/ClassReader.java;ClassReader.readLong( final int offset );-0.6;0.06597216785845023 
spring-core/src/main/java/org/springframework/asm/ClassReader.java;ClassReader.readModuleAttributes( final ClassVisitor classVisitor , final Context context , final int moduleOffset , final int modulePackagesOffset , final String moduleMainClass );-0.38372093023255816;0.66072948713742 
spring-core/src/main/java/org/springframework/asm/ClassReader.java;ClassReader.readShort( final int offset );-1.0;0.10597216785845022 
spring-core/src/main/java/org/springframework/asm/ClassReader.java;ClassReader.readUnsignedShort( final int offset );-1.0;0.10597216785845022 
spring-core/src/main/java/org/springframework/asm/ClassReader.java;ClassReader.readUtf( final int utfOffset , final int utfLength , final char [ ] charBuffer );-0.9545454545454546;0.517276237896278 
spring-core/src/main/java/org/springframework/asm/ClassVisitor.java;ClassVisitor.ClassVisitor( final int api , final ClassVisitor classVisitor );-0.38461538461538464;0.15107460148796154 
spring-core/src/main/java/org/springframework/asm/ClassWriter.java;ClassWriter.hasFlags( final int flags );-0.3333333333333333;0.023583300715070133 
spring-core/src/main/java/org/springframework/asm/ConstantDynamic.java;ConstantDynamic.hashCode( );-0.3333333333333333;0.039305501191783554 
spring-core/src/main/java/org/springframework/asm/ConstantDynamic.java;ConstantDynamic.toString( );-0.4444444444444444;0.07562491845434201 
spring-core/src/main/java/org/springframework/asm/FieldVisitor.java;FieldVisitor.FieldVisitor( final int api , final FieldVisitor fieldVisitor );-0.38461538461538464;0.15107460148796154 
spring-core/src/main/java/org/springframework/asm/Frame.java;Frame.accept( final MethodWriter methodWriter );-0.39473684210526316;0.36811140175870993 
spring-core/src/main/java/org/springframework/asm/Frame.java;Frame.getConcreteOutputType( final int abstractOutputType , final int numStack );-0.5714285714285714;0.3218866275066676 
spring-core/src/main/java/org/springframework/asm/Frame.java;Frame.getInitializedType( final SymbolTable symbolTable , final int abstractType );-0.48;0.2860524896497862 
spring-core/src/main/java/org/springframework/asm/Frame.java;Frame.merge( final SymbolTable symbolTable , final int sourceType , final int [ ] dstTypes , final int dstIndex );-0.5892857142857143;0.8372195368025794 
spring-core/src/main/java/org/springframework/asm/Frame.java;Frame.pop( );-0.42857142857142855;0.0683610350018303 
spring-core/src/main/java/org/springframework/asm/Frame.java;Frame.setInputFrameFromApiFormat( final SymbolTable symbolTable , final int numLocal , final Object [ ] local , final int numStack , final Object [ ] stack );-0.42857142857142855;0.30274172643667707 
spring-core/src/main/java/org/springframework/asm/Handle.java;Handle.hashCode( );-0.4;0.05056938464429525 
spring-core/src/main/java/org/springframework/asm/Handle.java;Handle.toString( );-1.3333333333333333;0.1532360513109619 
spring-core/src/main/java/org/springframework/asm/Handler.java;Handler.getExceptionTableSize( final Handler firstHandler );-0.3333333333333333;0.023583300715070133 
spring-core/src/main/java/org/springframework/asm/Label.java;Label.resolve( final byte [ ] code , final int bytecodeOffset );-0.5151515151515151;0.3679188439910511 
spring-core/src/main/java/org/springframework/asm/MethodVisitor.java;MethodVisitor.MethodVisitor( final int api , final MethodVisitor methodVisitor );-0.38461538461538464;0.15107460148796154 
spring-core/src/main/java/org/springframework/asm/MethodWriter.java;MethodWriter.canCopyMethodAttributes( final ClassReader source , final boolean hasSyntheticAttribute , final boolean hasDeprecatedAttribute , final int descriptorIndex , final int signatureIndex , final int exceptionsOffset );-0.37037037037037035;0.2623561498624723 
spring-core/src/main/java/org/springframework/asm/MethodWriter.java;MethodWriter.visitVarInsn( final int opcode , final int varIndex );-0.36;0.44490497929957235 
spring-core/src/main/java/org/springframework/asm/ModuleVisitor.java;ModuleVisitor.ModuleVisitor( final int api , final ModuleVisitor moduleVisitor );-0.38461538461538464;0.15107460148796154 
spring-core/src/main/java/org/springframework/asm/ModuleWriter.java;ModuleWriter.computeAttributesSize( );-0.5;0.1511248532178156 
spring-core/src/main/java/org/springframework/asm/ModuleWriter.java;ModuleWriter.getAttributeCount( );-0.3333333333333333;0.039305501191783554 
spring-core/src/main/java/org/springframework/asm/RecordComponentVisitor.java;RecordComponentVisitor.RecordComponentVisitor( final int api , final RecordComponentVisitor recordComponentVisitor );-0.38461538461538464;0.15107460148796154 
spring-core/src/main/java/org/springframework/asm/SymbolTable.java;SymbolTable.addMergedType( final int typeTableIndex1 , final int typeTableIndex2 );-0.3157894736842105;0.1389391263394237 
spring-core/src/main/java/org/springframework/asm/SymbolTable.java;SymbolTable.copyBootstrapMethods( final ClassReader classReader , final char [ ] charBuffer );-0.45454545454545453;0.308560279877974 
spring-core/src/main/java/org/springframework/asm/SymbolTable.java;SymbolTable.hash( final int tag , final String value );-0.3333333333333333;0.023583300715070133 
spring-core/src/main/java/org/springframework/asm/SymbolTable.java;SymbolTable.hash( final int tag , final String value1 , final String value2 );-0.6666666666666666;0.05084718416758182 
spring-core/src/main/java/org/springframework/asm/SymbolTable.java;SymbolTable.hash( final int tag , final String value1 , final String value2 , final String value3 );-1.0;0.08477773428676018 
spring-core/src/main/java/org/springframework/asm/SymbolTable.java;SymbolTable.hash( final int tag , final String value1 , final String value2 , final String value3 , final int value4 );-1.3333333333333333;0.1253749510726052 
spring-core/src/main/java/org/springframework/asm/SymbolTable.java;SymbolTable.hash( final int tag , final String value1 , final String value2 , final int value3 );-1.3333333333333333;0.1253749510726052 
spring-core/src/main/java/org/springframework/asm/SymbolTable.java;SymbolTable.hash( final int tag , final String value1 , final int value2 );-0.6666666666666666;0.05084718416758182 
spring-core/src/main/java/org/springframework/asm/SymbolTable.java;SymbolTable.hash( final int tag , final int value );-0.3333333333333333;0.023583300715070133 
spring-core/src/main/java/org/springframework/asm/SymbolTable.java;SymbolTable.hash( final int tag , final long value );-1.0;0.08477773428676018 
spring-core/src/main/java/org/springframework/asm/SymbolTable.java;SymbolTable.put( final Entry entry );-0.36363636363636365;0.16087605604392902 
spring-core/src/main/java/org/springframework/asm/Type.java;Type.getArgumentsAndReturnSizes( final String methodDescriptor );-0.39285714285714285;0.2579699282217377 
spring-core/src/main/java/org/springframework/asm/Type.java;Type.getDescriptor( );-0.3333333333333333;0.0707499021452104 
spring-core/src/main/java/org/springframework/asm/Type.java;Type.hashCode( );-0.3333333333333333;0.07861100238356711 
spring-core/src/main/java/org/springframework/asm/TypePath.java;TypePath.getStep( final int index );-0.6666666666666666;0.05084718416758182 
spring-core/src/main/java/org/springframework/asm/TypePath.java;TypePath.getStepArgument( final int index );-0.6666666666666666;0.05084718416758182 
spring-core/src/main/java/org/springframework/asm/TypeReference.java;TypeReference.getExceptionIndex( );-0.3333333333333333;0.023583300715070133 
spring-core/src/main/java/org/springframework/asm/TypeReference.java;TypeReference.getFormalParameterIndex( );-0.3333333333333333;0.023583300715070133 
spring-core/src/main/java/org/springframework/asm/TypeReference.java;TypeReference.getSuperTypeIndex( );-0.3333333333333333;0.023583300715070133 
spring-core/src/main/java/org/springframework/asm/TypeReference.java;TypeReference.getTryCatchBlockIndex( );-0.3333333333333333;0.023583300715070133 
spring-core/src/main/java/org/springframework/asm/TypeReference.java;TypeReference.getTypeParameterBoundIndex( );-0.3333333333333333;0.023583300715070133 
spring-core/src/main/java/org/springframework/asm/TypeReference.java;TypeReference.getTypeParameterIndex( );-0.3333333333333333;0.023583300715070133 
spring-core/src/main/java/org/springframework/asm/TypeReference.java;TypeReference.newExceptionReference( final int exceptionIndex );-0.6666666666666666;0.05084718416758182 
spring-core/src/main/java/org/springframework/asm/TypeReference.java;TypeReference.newFormalParameterReference( final int paramIndex );-0.6666666666666666;0.05084718416758182 
spring-core/src/main/java/org/springframework/asm/TypeReference.java;TypeReference.newSuperTypeReference( final int itfIndex );-1.0;0.08477773428676018 
spring-core/src/main/java/org/springframework/asm/TypeReference.java;TypeReference.newTryCatchReference( final int tryCatchBlockIndex );-0.6666666666666666;0.05084718416758182 
spring-core/src/main/java/org/springframework/asm/TypeReference.java;TypeReference.newTypeArgumentReference( final int sort , final int argIndex );-0.3333333333333333;0.023583300715070133 
spring-core/src/main/java/org/springframework/asm/TypeReference.java;TypeReference.newTypeParameterBoundReference( final int sort , final int paramIndex , final int boundIndex );-1.3333333333333333;0.1253749510726052 
spring-core/src/main/java/org/springframework/asm/TypeReference.java;TypeReference.newTypeParameterReference( final int sort , final int paramIndex );-0.6666666666666666;0.05084718416758182 
spring-core/src/main/java/org/springframework/asm/TypeReference.java;TypeReference.putTarget( final int targetTypeAndInfo , final ByteVector output );0.4411764705882353;0.23268742312227716 
spring-core/src/main/java/org/springframework/cglib/core/CodeEmitter.java;CodeEmitter.load_args( int fromArg , int count );-0.375;0.06520825178767534 
spring-core/src/main/java/org/springframework/cglib/core/CodeEmitter.java;CodeEmitter.process_switch( int [ ] keys , ProcessSwitchCallback callback );-0.4444444444444444;0.08570824091492094 
spring-core/src/main/java/org/springframework/cglib/core/EmitUtils.java;EmitUtils.processCase( int key , Label ignore_end );-1.25;0.14406938464429525 
spring-core/src/main/java/org/springframework/cglib/core/RejectModifierPredicate.java;RejectModifierPredicate.evaluate( Object arg );-0.3333333333333333;0.023583300715070133 
spring-core/src/main/java/org/springframework/cglib/core/TinyBitSet.java;TinyBitSet.clear( int index );-0.3333333333333333;0.023583300715070133 
spring-core/src/main/java/org/springframework/cglib/core/TinyBitSet.java;TinyBitSet.get( int index );-0.6666666666666666;0.05084718416758182 
spring-core/src/main/java/org/springframework/cglib/core/TinyBitSet.java;TinyBitSet.set( int index );-0.3333333333333333;0.023583300715070133 
spring-core/src/main/java/org/springframework/cglib/core/TypeUtils.java;TypeUtils.ICONST( int value );0.5;0.09686123071140951 
spring-core/src/main/java/org/springframework/cglib/core/TypeUtils.java;TypeUtils.isAbstract( int access );-0.3333333333333333;0.023583300715070133 
spring-core/src/main/java/org/springframework/cglib/core/TypeUtils.java;TypeUtils.isBridge( int access );-0.3333333333333333;0.023583300715070133 
spring-core/src/main/java/org/springframework/cglib/core/TypeUtils.java;TypeUtils.isFinal( int access );-0.3333333333333333;0.023583300715070133 
spring-core/src/main/java/org/springframework/cglib/core/TypeUtils.java;TypeUtils.isInterface( int access );-0.3333333333333333;0.023583300715070133 
spring-core/src/main/java/org/springframework/cglib/core/TypeUtils.java;TypeUtils.isPrivate( int access );-0.3333333333333333;0.023583300715070133 
spring-core/src/main/java/org/springframework/cglib/core/TypeUtils.java;TypeUtils.isProtected( int access );-0.3333333333333333;0.023583300715070133 
spring-core/src/main/java/org/springframework/cglib/core/TypeUtils.java;TypeUtils.isPublic( int access );-0.3333333333333333;0.023583300715070133 
spring-core/src/main/java/org/springframework/cglib/core/TypeUtils.java;TypeUtils.isStatic( int access );-0.3333333333333333;0.023583300715070133 
spring-core/src/main/java/org/springframework/cglib/core/TypeUtils.java;TypeUtils.isSynthetic( int access );-0.3333333333333333;0.023583300715070133 
spring-core/src/main/java/org/springframework/cglib/reflect/MulticastDelegate.java;MulticastDelegate.remove( Object target );-0.3333333333333333;0.08647210262192381 
spring-core/src/main/java/org/springframework/cglib/util/SorterTemplate.java;SorterTemplate.insertionSort( int lo , int hi );-0.36363636363636365;0.09737234971079914 
spring-core/src/main/java/org/springframework/cglib/util/SorterTemplate.java;SorterTemplate.lower( int lo , int hi , int val );-0.35714285714285715;0.10421613393183984 
spring-core/src/main/java/org/springframework/cglib/util/SorterTemplate.java;SorterTemplate.merge( int lo , int pivot , int hi , int len1 , int len2 );-0.35714285714285715;0.2084322678636797 
spring-core/src/main/java/org/springframework/cglib/util/SorterTemplate.java;SorterTemplate.mergeSort( int lo , int hi );-0.36363636363636365;0.08043802802196451 
spring-core/src/main/java/org/springframework/cglib/util/SorterTemplate.java;SorterTemplate.rotate( int lo , int mid , int hi );-0.5333333333333333;0.18384705369452903 
spring-core/src/main/java/org/springframework/cglib/util/SorterTemplate.java;SorterTemplate.upper( int lo , int hi , int val );-0.35714285714285715;0.10421613393183984 
spring-core/src/main/java/org/springframework/core/KotlinDetector.java;KotlinDetector.isKotlinType( Class < ? > clazz );-0.3333333333333333;0.03144440095342684 
spring-core/src/main/java/org/springframework/core/LocalVariableTableParameterNameDiscoverer.java;LocalVariableTableVisitor.isWideType( Type aType );-0.3333333333333333;0.03144440095342684 
spring-core/src/main/java/org/springframework/core/LocalVariableTableParameterNameDiscoverer.java;ParameterNameDiscoveringVisitor.isStatic( int access );-0.3333333333333333;0.023583300715070133 
spring-core/src/main/java/org/springframework/core/LocalVariableTableParameterNameDiscoverer.java;ParameterNameDiscoveringVisitor.isSyntheticOrBridged( int access );-1.0;0.08477773428676018 
spring-core/src/main/java/org/springframework/core/annotation/AnnotationTypeMappings.java;AnnotationTypeMappings.isMappable( AnnotationTypeMapping source , @ Nullable Annotation metaAnnotation );-0.6;0.10555546857352036 
spring-core/src/main/java/org/springframework/core/annotation/AttributeMethods.java;AttributeMethods.isAttributeMethod( Method method );-0.3333333333333333;0.03144440095342684 
spring-core/src/main/java/org/springframework/core/annotation/RepeatableContainers.java;ExplicitRepeatableContainer.hashCode( );-0.5;0.061569384644295254 
spring-core/src/main/java/org/springframework/core/codec/ByteArrayEncoder.java;ByteArrayEncoder.canEncode( ResolvableType elementType , @ Nullable MimeType mimeType );0.5;0.035222265713239824 
spring-core/src/main/java/org/springframework/core/codec/ByteBufferEncoder.java;ByteBufferEncoder.canEncode( ResolvableType elementType , @ Nullable MimeType mimeType );0.5;0.035222265713239824 
spring-core/src/main/java/org/springframework/core/codec/CharSequenceEncoder.java;CharSequenceEncoder.canEncode( ResolvableType elementType , @ Nullable MimeType mimeType );0.5;0.035222265713239824 
spring-core/src/main/java/org/springframework/core/codec/DataBufferEncoder.java;DataBufferEncoder.canEncode( ResolvableType elementType , @ Nullable MimeType mimeType );0.5;0.035222265713239824 
spring-core/src/main/java/org/springframework/core/codec/ResourceEncoder.java;ResourceEncoder.canEncode( ResolvableType elementType , @ Nullable MimeType mimeType );0.5;0.035222265713239824 
spring-core/src/main/java/org/springframework/core/convert/converter/GenericConverter.java;ConvertiblePair.hashCode( );-0.3333333333333333;0.023583300715070133 
spring-core/src/main/java/org/springframework/core/env/AbstractEnvironment.java;AbstractEnvironment.toString( );-0.5;0.044777734286760185 
spring-core/src/main/java/org/springframework/core/io/support/LocalizedResourceHelper.java;LocalizedResourceHelper.findLocalizedResource( String name , String extension , @ Nullable Locale locale );-0.7142857142857143;0.5418051750091516 
spring-core/src/main/java/org/springframework/core/type/StandardClassMetadata.java;StandardClassMetadata.getEnclosingClassName( );0.5;0.035222265713239824 
spring-core/src/main/java/org/springframework/core/type/StandardClassMetadata.java;StandardClassMetadata.getSuperClassName( );0.5;0.035222265713239824 
spring-core/src/main/java/org/springframework/core/type/StandardMethodMetadata.java;StandardMethodMetadata.isOverridable( );-0.6666666666666666;0.07990271797762859 
spring-core/src/main/java/org/springframework/core/type/classreading/SimpleAnnotationMetadata.java;SimpleAnnotationMetadata.isAbstract( );-0.3333333333333333;0.023583300715070133 
spring-core/src/main/java/org/springframework/core/type/classreading/SimpleAnnotationMetadata.java;SimpleAnnotationMetadata.isAnnotation( );-0.3333333333333333;0.023583300715070133 
spring-core/src/main/java/org/springframework/core/type/classreading/SimpleAnnotationMetadata.java;SimpleAnnotationMetadata.isFinal( );-0.3333333333333333;0.023583300715070133 
spring-core/src/main/java/org/springframework/core/type/classreading/SimpleAnnotationMetadata.java;SimpleAnnotationMetadata.isInterface( );-0.3333333333333333;0.023583300715070133 
spring-core/src/main/java/org/springframework/core/type/classreading/SimpleAnnotationMetadataReadingVisitor.java;SimpleAnnotationMetadataReadingVisitor.isBridge( int access );-0.3333333333333333;0.023583300715070133 
spring-core/src/main/java/org/springframework/core/type/classreading/SimpleAnnotationMetadataReadingVisitor.java;SimpleAnnotationMetadataReadingVisitor.isInterface( int access );-0.3333333333333333;0.023583300715070133 
spring-core/src/main/java/org/springframework/core/type/classreading/SimpleMethodMetadata.java;SimpleMethodMetadata.isAbstract( );-0.3333333333333333;0.023583300715070133 
spring-core/src/main/java/org/springframework/core/type/classreading/SimpleMethodMetadata.java;SimpleMethodMetadata.isFinal( );-0.3333333333333333;0.023583300715070133 
spring-core/src/main/java/org/springframework/core/type/classreading/SimpleMethodMetadata.java;SimpleMethodMetadata.isOverridable( );-0.6666666666666666;0.07990271797762859 
spring-core/src/main/java/org/springframework/core/type/classreading/SimpleMethodMetadata.java;SimpleMethodMetadata.isPrivate( );-0.3333333333333333;0.023583300715070133 
spring-core/src/main/java/org/springframework/core/type/classreading/SimpleMethodMetadata.java;SimpleMethodMetadata.isStatic( );-0.3333333333333333;0.023583300715070133 
spring-core/src/main/java/org/springframework/core/type/classreading/SimpleMethodMetadataReadingVisitor.java;Source.hashCode( );-0.7142857142857143;0.10836103500183032 
spring-core/src/main/java/org/springframework/util/AlternativeJdkIdGenerator.java;AlternativeJdkIdGenerator.generateId( );-0.5384615384615384;0.1555276364319706 
spring-core/src/main/java/org/springframework/util/AntPathMatcher.java;PatternInfo.getTotalCount( );-0.6666666666666666;0.05084718416758182 
spring-core/src/main/java/org/springframework/util/AntPathMatcher.java;PatternInfo.initCounters( );-0.4444444444444444;0.2873746901264996 
spring-core/src/main/java/org/springframework/util/ClassUtils.java;ClassUtils.getAllInterfacesForClassAsSet( Class < ? > clazz , @ Nullable ClassLoader classLoader );0.4444444444444444;0.11541682975798265 
spring-core/src/main/java/org/springframework/util/FastByteArrayOutputStream.java;FastByteArrayOutputStream.nextPowerOf2( int val );-1.1;0.26673598607443555 
spring-core/src/main/java/org/springframework/util/ResizableByteArrayOutputStream.java;ResizableByteArrayOutputStream.grow( int additionalCapacity );-0.42857142857142855;0.0683610350018303 
spring-core/src/main/java/org/springframework/util/StringUtils.java;StringUtils.endsWithIgnoreCase( @ Nullable String str , @ Nullable String suffix );-0.75;0.12145825178767534 
spring-core/src/main/java/org/springframework/util/StringUtils.java;StringUtils.hasLength( @ Nullable CharSequence str );-0.3333333333333333;0.03144440095342684 
spring-core/src/main/java/org/springframework/util/StringUtils.java;StringUtils.hasLength( @ Nullable String str );-0.3333333333333333;0.03144440095342684 
spring-core/src/main/java/org/springframework/util/StringUtils.java;StringUtils.hasText( @ Nullable CharSequence str );-0.3333333333333333;0.039305501191783554 
spring-core/src/main/java/org/springframework/util/StringUtils.java;StringUtils.hasText( @ Nullable String str );-0.3333333333333333;0.039305501191783554 
spring-core/src/main/java/org/springframework/util/StringUtils.java;StringUtils.matchesCharacter( @ Nullable String str , char singleCharacter );-0.6666666666666666;0.07990271797762859 
spring-core/src/main/java/org/springframework/util/StringUtils.java;StringUtils.startsWithIgnoreCase( @ Nullable String str , @ Nullable String prefix );-0.5;0.07836103500183032 
spring-core/src/main/java/org/springframework/util/StringUtils.java;StringUtils.validateLocalePart( String localePart );-0.4444444444444444;0.13612485321781562 
spring-core/src/main/java/org/springframework/util/unit/DataSize.java;DataSizeUtils.determineDataUnit( String suffix , @ Nullable DataUnit defaultUnit );0.5;0.035222265713239824 
spring-core/src/main/java/org/springframework/util/xml/AbstractXMLStreamReader.java;AbstractXMLStreamReader.hasText( );-0.6666666666666666;0.1452776690502338 
spring-core/src/main/java/org/springframework/util/xml/AbstractXMLStreamReader.java;AbstractXMLStreamReader.nextTag( );-0.3333333333333333;0.1414998042904208 
spring-core/src/main/java/org/springframework/util/xml/XmlValidationModeDetector.java;XmlValidationModeDetector.hasOpeningTag( String content );-0.375;0.08259711893105542 
spring-core/src/test/java/org/springframework/core/io/buffer/DataBufferTests.java;DataBufferTests.indexOf( DataBufferFactory bufferFactory );-0.35714285714285715;0.08754155250274546 
spring-core/src/test/java/org/springframework/core/io/buffer/DataBufferTests.java;DataBufferTests.lastIndexOf( DataBufferFactory bufferFactory );-0.45;0.1580137203611957 
spring-core/src/test/java/org/springframework/util/AntPathMatcherTests.java;AntPathMatcherTests.patternComparator( );-0.3333333333333333;0.18080530548220433 
spring-core/src/test/java/org/springframework/util/DigestUtilsTests.java;DigestUtilsTests.md5( );-1.0;0.1907499021452104 
spring-core/src/test/java/org/springframework/util/NumberUtilsTests.java;NumberUtilsTests.convertToInteger( );-0.5;0.3638190910799265 
spring-core/src/test/java/org/springframework/util/NumberUtilsTests.java;NumberUtilsTests.convertToLong( );-0.475;0.3261802239365464 
spring-core/src/test/java/org/springframework/util/ObjectUtilsTests.java;ObjectUtilsTests.nullSafeHashCodeWithBooleanArray( );-0.42857142857142855;0.058595172858711686 
spring-core/src/test/java/org/springframework/util/ObjectUtilsTests.java;ObjectUtilsTests.nullSafeHashCodeWithByteArray( );-0.42857142857142855;0.058595172858711686 
spring-core/src/test/java/org/springframework/util/ObjectUtilsTests.java;ObjectUtilsTests.nullSafeHashCodeWithCharArray( );-0.42857142857142855;0.058595172858711686 
spring-core/src/test/java/org/springframework/util/ObjectUtilsTests.java;ObjectUtilsTests.nullSafeHashCodeWithDoubleArray( );-0.7777777777777778;0.15074990214521042 
spring-core/src/test/java/org/springframework/util/ObjectUtilsTests.java;ObjectUtilsTests.nullSafeHashCodeWithFloatArray( );-0.42857142857142855;0.058595172858711686 
spring-core/src/test/java/org/springframework/util/ObjectUtilsTests.java;ObjectUtilsTests.nullSafeHashCodeWithIntArray( );-0.42857142857142855;0.058595172858711686 
spring-core/src/test/java/org/springframework/util/ObjectUtilsTests.java;ObjectUtilsTests.nullSafeHashCodeWithLongArray( );-0.7777777777777778;0.15074990214521042 
spring-core/src/test/java/org/springframework/util/ObjectUtilsTests.java;ObjectUtilsTests.nullSafeHashCodeWithShortArray( );-0.42857142857142855;0.058595172858711686 
spring-core/src/test/java/org/springframework/util/StringUtilsTests.java;StringUtilsTests.countOccurrencesOf( );-0.7333333333333333;0.22205540333699397 
spring-expression/src/main/java/org/springframework/expression/spel/CodeFlow.java;CodeFlow.isPrimitive( @ Nullable String descriptor );-0.3333333333333333;0.03144440095342684 
spring-expression/src/main/java/org/springframework/expression/spel/standard/Token.java;Token.isNumericRelationalOperator( );-1.25;0.2750415525027455 
spring-expression/src/main/java/org/springframework/expression/spel/standard/Tokenizer.java;Tokenizer.isDoubleSuffix( char ch );-0.3333333333333333;0.03144440095342684 
spring-expression/src/main/java/org/springframework/expression/spel/standard/Tokenizer.java;Tokenizer.isExhausted( );-0.3333333333333333;0.023583300715070133 
spring-expression/src/main/java/org/springframework/expression/spel/standard/Tokenizer.java;Tokenizer.isExponentChar( char ch );-0.3333333333333333;0.03144440095342684 
spring-expression/src/main/java/org/springframework/expression/spel/standard/Tokenizer.java;Tokenizer.isFloatSuffix( char ch );-0.3333333333333333;0.03144440095342684 
spring-expression/src/main/java/org/springframework/expression/spel/standard/Tokenizer.java;Tokenizer.isIdentifier( char ch );-0.3333333333333333;0.047166601430140266 
spring-expression/src/main/java/org/springframework/expression/spel/standard/Tokenizer.java;Tokenizer.isSign( char ch );-0.3333333333333333;0.03144440095342684 
spring-expression/src/main/java/org/springframework/expression/spel/standard/Tokenizer.java;Tokenizer.isTwoCharToken( TokenKind kind );-0.6;0.09236103500183031 
spring-expression/src/main/java/org/springframework/expression/spel/support/ReflectionHelper.java;ReflectionHelper.setupArgumentsForVarargsInvocation( Class < ? > [ ] requiredParameterTypes , Object ... args );-0.45454545454545453;0.23656288123978012 
spring-expression/src/test/java/org/springframework/expression/spel/ComparatorTests.java;ComparatorTests.testNonPrimitiveNumbers( );-0.7;0.2734998042904208 
spring-expression/src/test/java/org/springframework/expression/spel/ComparatorTests.java;ComparatorTests.testNulls( );-0.3333333333333333;0.039305501191783554 
spring-expression/src/test/java/org/springframework/expression/spel/ComparatorTests.java;ComparatorTests.testObjects( );-0.3333333333333333;0.039305501191783554 
spring-expression/src/test/java/org/springframework/expression/spel/ComparatorTests.java;ComparatorTests.testPrimitives( );-0.8095238095238095;0.34769819524332474 
spring-expression/src/test/java/org/springframework/expression/spel/LiteralTests.java;LiteralTests.testSignedIntLiterals( );-0.5;0.061569384644295254 
spring-expression/src/test/java/org/springframework/expression/spel/ast/OpPlusTests.java;OpPlusTests.test_binaryPlusWithLeftStringOperand( );-0.5;0.09515268535936539 
spring-expression/src/test/java/org/springframework/expression/spel/ast/OpPlusTests.java;OpPlusTests.test_binaryPlusWithNumberOperands( );-0.6666666666666666;0.37772193953060784 
spring-expression/src/test/java/org/springframework/expression/spel/ast/OpPlusTests.java;OpPlusTests.test_binaryPlusWithRightStringOperand( );-0.5;0.09515268535936539 
spring-expression/src/test/java/org/springframework/expression/spel/ast/OpPlusTests.java;OpPlusTests.test_binaryPlusWithStringOperands( );-0.5;0.09515268535936539 
spring-expression/src/test/java/org/springframework/expression/spel/ast/OpPlusTests.java;OpPlusTests.test_binaryPlusWithTime_ToString( );-0.4166666666666667;0.0905137855977221 
spring-expression/src/test/java/org/springframework/expression/spel/ast/OpPlusTests.java;OpPlusTests.test_unaryPlusWithNumberOperand( );-0.4074074074074074;0.18685163439676383 
spring-expression/src/test/java/org/springframework/expression/spel/ast/OpPlusTests.java;OpPlusTests.test_unaryPlusWithStringLiteral( );-0.42857142857142855;0.058595172858711686 
spring-expression/src/test/java/org/springframework/expression/spel/standard/PropertiesConversionSpelTests.java;TestBean.foo( Properties props );-0.3333333333333333;0.023583300715070133 
spring-expression/src/test/java/org/springframework/expression/spel/testresources/Inventor.java;Inventor.joinThreeStrings( String a , String b , String c );-0.3333333333333333;0.023583300715070133 
spring-jdbc/src/main/java/org/springframework/jdbc/UncategorizedSQLException.java;UncategorizedSQLException.UncategorizedSQLException( String task , @ Nullable String sql , SQLException ex );-0.5;0.0727638182159853 
spring-jdbc/src/main/java/org/springframework/jdbc/core/ResultSetSupportingSqlParameter.java;ResultSetSupportingSqlParameter.isResultSetSupported( );-0.6666666666666666;0.07990271797762859 
spring-jdbc/src/main/java/org/springframework/jdbc/core/metadata/GenericCallMetaDataProvider.java;GenericCallMetaDataProvider.isInOrOutColumn( int columnType , boolean function );-0.3333333333333333;0.11005540333699396 
spring-jdbc/src/main/java/org/springframework/jdbc/datasource/SingleConnectionDataSource.java;CloseSuppressingInvocationHandler.invoke( Object proxy , Method method , Object [ ] args );0.5416666666666666;0.1975974451136874 
spring-jdbc/src/main/java/org/springframework/jdbc/object/RdbmsOperation.java;RdbmsOperation.validateParameterCount( int suppliedParamCount , int declaredInParamCount );-0.4;0.1011387692885905 
spring-jdbc/src/main/java/org/springframework/jdbc/support/AbstractFallbackSQLExceptionTranslator.java;AbstractFallbackSQLExceptionTranslator.buildMessage( String task , @ Nullable String sql , SQLException ex );-0.3333333333333333;0.03144440095342684 
spring-jdbc/src/main/java/org/springframework/jdbc/support/SQLErrorCodesFactory.java;SQLErrorCodesFactory.identify( DataSource dataSource );-0.3333333333333333;0.023583300715070133 
spring-jdbc/src/main/java/org/springframework/jdbc/support/SQLStateSQLExceptionTranslator.java;SQLStateSQLExceptionTranslator.indicatesDuplicateKey( @ Nullable String sqlState , int errorCode );-0.4;0.07815268535936538 
spring-jdbc/src/test/java/org/springframework/jdbc/datasource/DataSourceJtaTransactionTests.java;DataSourceJtaTransactionTests.doInTransactionWithoutResult( TransactionStatus status );-0.6;0.18472207000366062 
spring-jdbc/src/test/java/org/springframework/jdbc/datasource/DataSourceTransactionManagerTests.java;DataSourceTransactionManagerTests.doInTransactionWithoutResult( TransactionStatus status );-1.55;0.9175413567931663 
spring-jdbc/src/test/java/org/springframework/jdbc/support/JdbcTransactionManagerTests.java;JdbcTransactionManagerTests.doInTransactionWithoutResult( TransactionStatus status );-1.55;0.9175413567931663 
spring-jdbc/src/test/java/org/springframework/jdbc/support/SQLErrorCodesFactoryTests.java;SQLErrorCodesFactoryTests.assertIsDB2( SQLErrorCodes sec );-0.5;0.061569384644295254 
spring-jdbc/src/test/java/org/springframework/jdbc/support/SQLErrorCodesFactoryTests.java;SQLErrorCodesFactoryTests.assertIsHana( SQLErrorCodes sec );-0.7692307692307693;0.2072381119538179 
spring-jdbc/src/test/java/org/springframework/jdbc/support/SQLErrorCodesFactoryTests.java;SQLErrorCodesFactoryTests.assertIsHsql( SQLErrorCodes sec );-0.5;0.061569384644295254 
spring-jdbc/src/test/java/org/springframework/jdbc/support/SQLErrorCodesFactoryTests.java;SQLErrorCodesFactoryTests.assertIsOracle( SQLErrorCodes sec );-0.5714285714285714;0.08204953250169958 
spring-jdbc/src/test/java/org/springframework/jdbc/support/SQLErrorCodesFactoryTests.java;SQLErrorCodesFactoryTests.assertIsSQLServer( SQLErrorCodes sec );-0.84;0.43186640572056106 
spring-jms/src/main/java/org/springframework/jms/core/JmsMessagingTemplate.java;JmsMessagingTemplate.convertSendAndReceive( String destinationName , Object request , @ Nullable Map < String , Object > headers , Class < T > targetClass , @ Nullable MessagePostProcessor postProcessor );0.6;0.05402783214154977 
spring-messaging/src/main/java/org/springframework/messaging/core/AbstractMessagingTemplate.java;AbstractMessagingTemplate.convertSendAndReceive( D destination , Object request , @ Nullable Map < String , Object > headers , Class < T > targetClass , @ Nullable MessagePostProcessor postProcessor );0.6;0.05402783214154977 
spring-messaging/src/main/java/org/springframework/messaging/handler/invocation/ReactiveReturnValueHandler.java;ReactiveReturnValueHandler.isAsyncReturnValue( Object returnValue , MethodParameter returnType );-0.5;0.06716660143014028 
spring-messaging/src/main/java/org/springframework/messaging/rsocket/annotation/support/RSocketRequesterMethodArgumentResolver.java;RSocketRequesterMethodArgumentResolver.supportsParameter( MethodParameter parameter );0.5;0.035222265713239824 
spring-messaging/src/main/java/org/springframework/messaging/simp/annotation/support/SendToMethodReturnValueHandler.java;SendToMethodReturnValueHandler.getDestinationHelper( MessageHeaders headers , MethodParameter returnType );-0.42857142857142855;0.20508310500549093 
spring-messaging/src/main/java/org/springframework/messaging/simp/broker/SimpleBrokerMessageHandler.java;SimpleBrokerMessageHandler.setHeartbeatValue( @ Nullable long [ ] heartbeat );-0.3333333333333333;0.0707499021452104 
spring-messaging/src/main/java/org/springframework/messaging/simp/stomp/StompBrokerRelayMessageHandler.java;DefaultStats.toString( );-0.5;0.0727638182159853 
spring-messaging/src/main/java/org/springframework/messaging/simp/stomp/StompBrokerRelayMessageHandler.java;RelayConnectionHandler.shouldSendHeartbeatForIgnoredMessage( );-0.3333333333333333;0.03144440095342684 
spring-messaging/src/main/java/org/springframework/messaging/simp/stomp/StompHeaders.java;StompHeaders.isHeartbeatEnabled( );-0.5;0.06716660143014028 
spring-messaging/src/test/java/org/springframework/messaging/handler/annotation/MessagingPredicates.java;HeaderPredicate.test( MethodParameter parameter );-0.5714285714285714;0.15778756250326842 
spring-messaging/src/test/java/org/springframework/messaging/protobuf/Msg.java;Builder.hasBlah( );-0.3333333333333333;0.023583300715070133 
spring-messaging/src/test/java/org/springframework/messaging/protobuf/Msg.java;Builder.hasFoo( );-0.3333333333333333;0.023583300715070133 
spring-messaging/src/test/java/org/springframework/messaging/protobuf/Msg.java;Msg.getSerializedSize( );-0.3125;0.10794428678950566 
spring-messaging/src/test/java/org/springframework/messaging/protobuf/Msg.java;Msg.hasBlah( );-0.3333333333333333;0.023583300715070133 
spring-messaging/src/test/java/org/springframework/messaging/protobuf/Msg.java;Msg.hasFoo( );-0.3333333333333333;0.023583300715070133 
spring-messaging/src/test/java/org/springframework/messaging/protobuf/SecondMsg.java;Builder.hasBlah( );-0.3333333333333333;0.023583300715070133 
spring-messaging/src/test/java/org/springframework/messaging/protobuf/SecondMsg.java;SecondMsg.hasBlah( );-0.3333333333333333;0.023583300715070133 
spring-messaging/src/test/java/org/springframework/messaging/simp/stomp/AbstractStompBrokerRelayIntegrationTests.java;StompMessageFrameMessageMatcher.toString( );-0.5;0.044777734286760185 
spring-orm/src/main/java/org/springframework/orm/ObjectOptimisticLockingFailureException.java;ObjectOptimisticLockingFailureException.getPersistentClassName( );0.5;0.048430615355704754 
spring-orm/src/main/java/org/springframework/orm/ObjectRetrievalFailureException.java;ObjectRetrievalFailureException.getPersistentClassName( );0.5;0.048430615355704754 
spring-orm/src/main/java/org/springframework/orm/hibernate5/HibernateTemplate.java;HibernateTemplate.findByCriteria( DetachedCriteria criteria );-0.3333333333333333;0.023583300715070133 
spring-orm/src/main/java/org/springframework/orm/hibernate5/HibernateTemplate.java;HibernateTemplate.findByExample( String entityName , T exampleEntity );-0.3333333333333333;0.023583300715070133 
spring-orm/src/main/java/org/springframework/orm/hibernate5/HibernateTemplate.java;HibernateTemplate.findByExample( T exampleEntity );-0.3333333333333333;0.023583300715070133 
spring-orm/src/test/java/org/springframework/orm/jpa/domain/Person.java;Person.toString( );-1.0;0.10597216785845022 
spring-r2dbc/src/main/java/org/springframework/r2dbc/connection/ConnectionFactoryUtils.java;ConnectionFactoryUtils.buildMessage( String task , @ Nullable String sql , R2dbcException ex );-0.3333333333333333;0.03144440095342684 
spring-r2dbc/src/main/java/org/springframework/r2dbc/connection/ConnectionFactoryUtils.java;ConnectionFactoryUtils.indicatesDuplicateKey( @ Nullable String sqlState , int errorCode );-0.4;0.07815268535936538 
spring-test/src/main/java/org/springframework/test/context/MergedContextConfiguration.java;MergedContextConfiguration.hashCode( );-1.25;0.4060137203611957 
spring-test/src/main/java/org/springframework/test/context/junit4/SpringJUnit4ClassRunner.java;SpringJUnit4ClassRunner.possiblyExpectingExceptions( FrameworkMethod frameworkMethod , Object testInstance , Statement next );0.5;0.035222265713239824 
spring-test/src/main/java/org/springframework/test/context/support/AbstractContextLoader.java;AbstractContextLoader.processLocationsInternal( Class < ? > clazz , String ... locations );0.5;0.035222265713239824 
spring-test/src/main/java/org/springframework/test/context/support/ContextLoaderUtils.java;ContextLoaderUtils.hasResources( ContextConfiguration contextConfiguration );-0.3333333333333333;0.03144440095342684 
spring-test/src/main/java/org/springframework/test/context/support/TestPropertySourceAttributes.java;TestPropertySourceAttributes.hashCode( );-0.42857142857142855;0.07812689714494893 
spring-test/src/main/java/org/springframework/test/context/web/WebMergedContextConfiguration.java;WebMergedContextConfiguration.hashCode( );-0.3333333333333333;0.023583300715070133 
spring-test/src/main/java/org/springframework/test/util/AssertionErrors.java;AssertionErrors.fail( String message , @ Nullable Object expected , @ Nullable Object actual );-0.3333333333333333;0.023583300715070133 
spring-test/src/main/java/org/springframework/test/web/reactive/server/HeaderAssertions.java;HeaderAssertions.valuesMatch( String name , String ... patterns );-0.35294117647058826;0.11141897086487443 
spring-test/src/test/java/org/springframework/test/context/cache/ContextCacheTests.java;ContextCacheTests.verifyCacheBehaviorForContextHierarchies( );-0.8823529411764706;0.3203053707187308 
spring-test/src/test/java/org/springframework/test/context/cache/ContextCacheTests.java;ContextCacheTests.verifyCacheKeyIsBasedOnActiveProfiles( );-0.8;0.1719443357169005 
spring-tx/src/main/java/org/springframework/transaction/reactive/TransactionalOperatorImpl.java;TransactionalOperatorImpl.equals( @ Nullable Object other );-0.5;0.07836103500183032 
spring-tx/src/main/java/org/springframework/transaction/support/TransactionTemplate.java;TransactionTemplate.equals( @ Nullable Object other );-0.5;0.07836103500183032 
spring-tx/src/test/java/org/springframework/transaction/JtaTransactionManagerTests.java;JtaTransactionManagerTests.afterCompletion( int status );-2.0;0.2265693846442952 
spring-tx/src/test/java/org/springframework/transaction/TransactionSupportTests.java;TransactionSupportTests.existingTransaction( );-0.3333333333333333;0.08647210262192381 
spring-web/src/main/java/org/springframework/http/HttpEntity.java;HttpEntity.hashCode( );-0.3333333333333333;0.023583300715070133 
spring-web/src/main/java/org/springframework/http/RequestEntity.java;RequestEntity.hashCode( );-0.5;0.061569384644295254 
spring-web/src/main/java/org/springframework/http/RequestEntity.java;UriTemplateRequestEntity.hashCode( );-0.3333333333333333;0.023583300715070133 
spring-web/src/main/java/org/springframework/http/codec/multipart/MultipartParser.java;HeadersState.isLastBoundary( DataBuffer buf );-0.6363636363636364;0.25059071338132993 
spring-web/src/main/java/org/springframework/http/codec/support/ClientDefaultCodecsImpl.java;ClientDefaultCodecsImpl.extendObjectReaders( List < HttpMessageReader < ? > > objectReaders );0.5714285714285714;0.06652189606972898 
spring-web/src/main/java/org/springframework/http/codec/support/ServerDefaultCodecsImpl.java;ServerDefaultCodecsImpl.getSseEncoder( );0.5;0.048430615355704754 
spring-web/src/main/java/org/springframework/http/converter/HttpMessageConverter.java;getSupportedMediaTypes( Class < ? > clazz );0.5;0.035222265713239824 
spring-web/src/main/java/org/springframework/http/server/DefaultPathContainer.java;DefaultPathContainer.subPath( PathContainer container , int fromIndex , int toIndex );-0.3333333333333333;0.12577760381370737 
spring-web/src/main/java/org/springframework/http/server/DefaultRequestPath.java;DefaultRequestPath.hashCode( );-0.5;0.061569384644295254 
spring-web/src/main/java/org/springframework/http/server/reactive/AbstractListenerWriteProcessor.java;AbstractListenerWriteProcessor.onComplete( AbstractListenerWriteProcessor < T > processor );-0.3333333333333333;0.023583300715070133 
spring-web/src/main/java/org/springframework/web/ErrorResponseException.java;ErrorResponseException.getMessage( );-0.3333333333333333;0.03144440095342684 
spring-web/src/main/java/org/springframework/web/context/request/ServletWebRequest.java;ServletWebRequest.validateIfModifiedSince( long lastModifiedTimestamp );-0.3333333333333333;0.0707499021452104 
spring-web/src/main/java/org/springframework/web/filter/ShallowEtagHeaderFilter.java;ConditionalContentCachingResponseWrapper.getOutputStream( );0.5;0.035222265713239824 
spring-web/src/main/java/org/springframework/web/filter/ShallowEtagHeaderFilter.java;ConditionalContentCachingResponseWrapper.getWriter( );0.5;0.035222265713239824 
spring-web/src/main/java/org/springframework/web/filter/ShallowEtagHeaderFilter.java;ShallowEtagHeaderFilter.isEligibleForEtag( HttpServletRequest request , HttpServletResponse response , int responseStatusCode , InputStream inputStream );-0.3333333333333333;0.09433320286028053 
spring-web/src/main/java/org/springframework/web/method/HandlerTypePredicate.java;HandlerTypePredicate.hasSelectors( );-0.6666666666666666;0.07990271797762859 
spring-web/src/main/java/org/springframework/web/method/annotation/SessionAttributesHandler.java;SessionAttributesHandler.hasSessionAttributes( );-0.3333333333333333;0.03144440095342684 
spring-web/src/main/java/org/springframework/web/util/HtmlCharacterEntityDecoder.java;HtmlCharacterEntityDecoder.findNextPotentialReference( int startPosition );-0.391304347826087;0.20747197214887103 
spring-web/src/main/java/org/springframework/web/util/UriUtils.java;UriUtils.extractFileExtension( String path );-0.5555555555555556;0.28302752770442663 
spring-web/src/main/java/org/springframework/web/util/UrlPathHelper.java;UrlPathHelper.getSanitizedPath( final String path );-0.35714285714285715;0.12089071536093422 
spring-web/src/main/java/org/springframework/web/util/pattern/CaptureVariablePathElement.java;CaptureVariablePathElement.CaptureVariablePathElement( int pos , char [ ] captureDescriptor , boolean caseSensitive , char separator );-0.35;0.1515970210762658 
spring-web/src/main/java/org/springframework/web/util/pattern/InternalPathPatternParser.java;InternalPathPatternParser.peekDoubleWildcard( );-0.5714285714285714;0.21459108500444504 
spring-web/src/main/java/org/springframework/web/util/pattern/RegexPathElement.java;RegexPathElement.getScore( );-0.6666666666666666;0.05084718416758182 
spring-web/src/test/java/org/springframework/http/MediaTypeTests.java;MediaTypeTests.qualityComparator( );-0.39473684210526316;0.24995218637937097 
spring-web/src/test/java/org/springframework/http/MediaTypeTests.java;MediaTypeTests.specificityComparator( );-0.39473684210526316;0.24995218637937097 
spring-web/src/test/java/org/springframework/protobuf/Msg.java;Builder.hasBlah( );-0.3333333333333333;0.023583300715070133 
spring-web/src/test/java/org/springframework/protobuf/Msg.java;Builder.hasFoo( );-0.3333333333333333;0.023583300715070133 
spring-web/src/test/java/org/springframework/protobuf/Msg.java;Msg.getSerializedSize( );-0.3125;0.10794428678950566 
spring-web/src/test/java/org/springframework/protobuf/Msg.java;Msg.hasBlah( );-0.3333333333333333;0.023583300715070133 
spring-web/src/test/java/org/springframework/protobuf/Msg.java;Msg.hasFoo( );-0.3333333333333333;0.023583300715070133 
spring-web/src/test/java/org/springframework/protobuf/SecondMsg.java;Builder.hasBlah( );-0.3333333333333333;0.023583300715070133 
spring-web/src/test/java/org/springframework/protobuf/SecondMsg.java;SecondMsg.hasBlah( );-0.3333333333333333;0.023583300715070133 
spring-web/src/test/java/org/springframework/web/cors/reactive/CorsUtilsTests.java;CorsUtilsTests.isSameOriginWithXForwardedHeaders( );-0.6666666666666666;0.1234860186926987 
spring-web/src/test/java/org/springframework/web/util/WebUtilsTests.java;WebUtilsTests.isSameOrigin( );-0.53125;0.30139555607809615 
spring-web/src/test/java/org/springframework/web/util/WebUtilsTests.java;WebUtilsTests.isSameOriginWithXForwardedHeaders( );-0.6666666666666666;0.1234860186926987 
spring-web/src/test/java/org/springframework/web/util/WebUtilsTests.java;WebUtilsTests.isValidOrigin( );-0.4;0.07355546857352036 
spring-web/src/test/java/org/springframework/web/util/pattern/PathPatternParserTests.java;PathPatternParserTests.computeScore( int capturedVariableCount , int wildcardCount );-0.3333333333333333;0.023583300715070133 
spring-web/src/test/java/org/springframework/web/util/pattern/PathPatternTests.java;PathPatternTests.patternCompareWithNull( );-0.4;0.0413749510726052 
spring-web/src/testFixtures/java/org/springframework/web/testfixture/http/server/reactive/bootstrap/AbstractHttpServer.java;AbstractHttpServer.afterPropertiesSet( );-0.3333333333333333;0.06288880190685368 
spring-web/src/testFixtures/java/org/springframework/web/testfixture/method/MvcAnnotationPredicates.java;MatrixVariablePredicate.test( MethodParameter parameter );-0.3333333333333333;0.0707499021452104 
spring-web/src/testFixtures/java/org/springframework/web/testfixture/method/MvcAnnotationPredicates.java;ModelAttributePredicate.test( MethodParameter parameter );-0.3333333333333333;0.06288880190685368 
spring-web/src/testFixtures/java/org/springframework/web/testfixture/method/MvcAnnotationPredicates.java;RequestAttributePredicate.test( MethodParameter parameter );-0.3333333333333333;0.06288880190685368 
spring-web/src/testFixtures/java/org/springframework/web/testfixture/method/MvcAnnotationPredicates.java;RequestPartPredicate.test( MethodParameter parameter );-0.3333333333333333;0.06288880190685368 
spring-webflux/src/main/java/org/springframework/web/reactive/resource/AbstractFileNameVersionStrategy.java;AbstractFileNameVersionStrategy.addVersion( String requestPath , String version );-0.6;0.06597216785845023 
spring-webflux/src/main/java/org/springframework/web/reactive/resource/DefaultResourceResolverChain.java;DefaultResourceResolverChain.DefaultResourceResolverChain( @ Nullable ResourceResolver resolver , @ Nullable ResourceResolverChain chain );-0.5;0.09515268535936539 
spring-webflux/src/main/java/org/springframework/web/reactive/resource/DefaultResourceTransformerChain.java;DefaultResourceTransformerChain.DefaultResourceTransformerChain( ResourceResolverChain resolverChain , @ Nullable ResourceTransformer transformer , @ Nullable ResourceTransformerChain chain );-0.42857142857142855;0.08789275928806754 
spring-webflux/src/main/java/org/springframework/web/reactive/result/condition/RequestConditionHolder.java;RequestConditionHolder.assertEqualConditionTypes( RequestCondition < ? > cond1 , RequestCondition < ? > cond2 );0.42857142857142855;0.044261969998431155 
spring-webflux/src/main/java/org/springframework/web/reactive/result/condition/RequestConditionHolder.java;RequestConditionHolder.getMatchingCondition( ServerWebExchange exchange );0.42857142857142855;0.05163896499816969 
spring-webflux/src/main/java/org/springframework/web/reactive/result/method/RequestMappingInfoHandlerMapping.java;PartialMatch.PartialMatch( RequestMappingInfo info , ServerWebExchange exchange );-0.42857142857142855;0.058595172858711686 
spring-webflux/src/main/java/org/springframework/web/reactive/result/method/annotation/ModelInitializer.java;ModelInitializer.isAsyncVoidType( ResolvableType type , @ Nullable ReactiveAdapter adapter );-0.3333333333333333;0.039305501191783554 
spring-webflux/src/main/java/org/springframework/web/reactive/result/method/annotation/SessionAttributesHandler.java;SessionAttributesHandler.hasSessionAttributes( );-0.3333333333333333;0.03144440095342684 
spring-webflux/src/main/java/org/springframework/web/reactive/socket/adapter/AbstractWebSocketSession.java;AbstractWebSocketSession.toString( );-0.3333333333333333;0.023583300715070133 
spring-webflux/src/test/java/org/springframework/web/reactive/protobuf/Msg.java;Builder.hasBlah( );-0.3333333333333333;0.023583300715070133 
spring-webflux/src/test/java/org/springframework/web/reactive/protobuf/Msg.java;Builder.hasFoo( );-0.3333333333333333;0.023583300715070133 
spring-webflux/src/test/java/org/springframework/web/reactive/protobuf/Msg.java;Msg.getSerializedSize( );-0.3125;0.10794428678950566 
spring-webflux/src/test/java/org/springframework/web/reactive/protobuf/Msg.java;Msg.hasBlah( );-0.3333333333333333;0.023583300715070133 
spring-webflux/src/test/java/org/springframework/web/reactive/protobuf/Msg.java;Msg.hasFoo( );-0.3333333333333333;0.023583300715070133 
spring-webflux/src/test/java/org/springframework/web/reactive/protobuf/SecondMsg.java;Builder.hasBlah( );-0.3333333333333333;0.023583300715070133 
spring-webflux/src/test/java/org/springframework/web/reactive/protobuf/SecondMsg.java;SecondMsg.hasBlah( );-0.3333333333333333;0.023583300715070133 
spring-webflux/src/test/java/org/springframework/web/reactive/result/condition/ProducesRequestConditionTests.java;ProducesRequestConditionTests.compareTo( );-0.36;0.1510998042904208 
spring-webflux/src/test/java/org/springframework/web/reactive/result/condition/ProducesRequestConditionTests.java;ProducesRequestConditionTests.compareToMediaTypeAll( );-0.3333333333333333;0.11791650357535065 
spring-webmvc/src/main/java/org/springframework/web/servlet/config/annotation/ViewResolverRegistry.java;ViewResolverRegistry.hasRegistrations( );-0.3333333333333333;0.03144440095342684 
spring-webmvc/src/main/java/org/springframework/web/servlet/handler/AbstractHandlerExceptionResolver.java;AbstractHandlerExceptionResolver.hasHandlerMappings( );-0.3333333333333333;0.03144440095342684 
spring-webmvc/src/main/java/org/springframework/web/servlet/mvc/UrlFilenameViewController.java;UrlFilenameViewController.postProcessViewName( String viewName );-0.3333333333333333;0.023583300715070133 
spring-webmvc/src/main/java/org/springframework/web/servlet/mvc/condition/RequestConditionHolder.java;RequestConditionHolder.assertEqualConditionTypes( RequestCondition < ? > thisCondition , RequestCondition < ? > otherCondition );0.42857142857142855;0.044261969998431155 
spring-webmvc/src/main/java/org/springframework/web/servlet/mvc/condition/RequestConditionHolder.java;RequestConditionHolder.getMatchingCondition( HttpServletRequest request );0.42857142857142855;0.05163896499816969 
spring-webmvc/src/main/java/org/springframework/web/servlet/mvc/method/RequestMappingInfoHandlerMapping.java;PartialMatch.PartialMatch( RequestMappingInfo info , HttpServletRequest request );-0.42857142857142855;0.058595172858711686 
spring-webmvc/src/main/java/org/springframework/web/servlet/mvc/method/annotation/AbstractMessageConverterMethodArgumentResolver.java;AbstractMessageConverterMethodArgumentResolver.isBindExceptionRequired( WebDataBinder binder , MethodParameter parameter );-0.3333333333333333;0.05502770166849698 
spring-webmvc/src/main/java/org/springframework/web/servlet/resource/AbstractVersionStrategy.java;FileNameVersionPathStrategy.addVersion( String requestPath , String version );-0.6;0.06597216785845023 
spring-webmvc/src/main/java/org/springframework/web/servlet/resource/DefaultResourceResolverChain.java;DefaultResourceResolverChain.DefaultResourceResolverChain( @ Nullable ResourceResolver resolver , @ Nullable ResourceResolverChain chain );-0.5;0.09515268535936539 
spring-webmvc/src/main/java/org/springframework/web/servlet/resource/DefaultResourceTransformerChain.java;DefaultResourceTransformerChain.DefaultResourceTransformerChain( ResourceResolverChain resolverChain , @ Nullable ResourceTransformer transformer , @ Nullable ResourceTransformerChain chain );-0.42857142857142855;0.08789275928806754 
spring-webmvc/src/main/java/org/springframework/web/servlet/tags/EvalTag.java;JspPropertyAccessor.canRead( EvaluationContext context , @ Nullable Object target , String name );-0.5;0.06716660143014028 
spring-webmvc/src/main/java/org/springframework/web/servlet/tags/form/OptionWriter.java;OptionWriter.renderFromMap( TagWriter tagWriter );0.5714285714285714;0.13304379213945797 
spring-webmvc/src/main/java/org/springframework/web/servlet/view/AbstractCachingViewResolver.java;AbstractCachingViewResolver.getCacheKey( String viewName , Locale locale );-0.3333333333333333;0.023583300715070133 
spring-webmvc/src/main/java/org/springframework/web/servlet/view/groovy/GroovyMarkupViewResolver.java;GroovyMarkupViewResolver.getCacheKey( String viewName , Locale locale );-0.3333333333333333;0.023583300715070133 
spring-webmvc/src/test/java/org/springframework/web/servlet/DispatcherServletTests.java;DispatcherServletTests.anotherLocaleRequest( );-0.5;0.16231928678950566 
spring-webmvc/src/test/java/org/springframework/web/servlet/DispatcherServletTests.java;DispatcherServletTests.handlerInterceptorAbort( );-0.4;0.10573598607443552 
spring-webmvc/src/test/java/org/springframework/web/servlet/handler/BeanNameUrlHandlerMappingTests.java;BeanNameUrlHandlerMappingTests.asteriskMatches( );-0.3076923076923077;0.0845052168436663 
spring-webmvc/src/test/java/org/springframework/web/servlet/handler/BeanNameUrlHandlerMappingTests.java;BeanNameUrlHandlerMappingTests.doTestRequestsWithSubPaths( HandlerMapping hm );-0.41935483870967744;0.2874459103765078 
spring-webmvc/src/test/java/org/springframework/web/servlet/handler/BeanNameUrlHandlerMappingTests.java;BeanNameUrlHandlerMappingTests.requestsWithFullPaths( );-0.3103448275862069;0.18503325308535457 
spring-webmvc/src/test/java/org/springframework/web/servlet/mvc/condition/ProducesRequestConditionTests.java;ProducesRequestConditionTests.compareTo( );-0.42857142857142855;0.15625379428989786 
spring-webmvc/src/test/java/org/springframework/web/servlet/mvc/condition/ProducesRequestConditionTests.java;ProducesRequestConditionTests.compareToMediaTypeAll( );-0.35;0.11881928678950564 
spring-webmvc/src/test/java/org/springframework/web/servlet/mvc/method/annotation/ServletAnnotationControllerHandlerMethodTests.java;DataClassController.handle( DataClass data );-0.3333333333333333;0.023583300715070133 
spring-webmvc/src/test/java/org/springframework/web/servlet/mvc/method/annotation/ServletAnnotationControllerHandlerMethodTests.java;DataRecordController.handle( DataRecord data );-0.3333333333333333;0.023583300715070133 
spring-webmvc/src/test/java/org/springframework/web/servlet/mvc/method/annotation/ServletAnnotationControllerHandlerMethodTests.java;DefaultExpressionValueParamController.myHandle( @ RequestParam ( value = "id" , defaultValue = "${myKey}" ) String id , @ RequestHeader ( defaultValue = "#{systemProperties.myHeader}" ) String header , @ Value ( "#{request.contextPath}" ) String contextPath , HttpServletResponse response );-0.3333333333333333;0.023583300715070133 
spring-webmvc/src/test/java/org/springframework/web/servlet/mvc/method/annotation/ServletAnnotationControllerHandlerMethodTests.java;DefaultValueParamController.myHandle( @ RequestParam ( value = "id" , defaultValue = "foo" ) String id , @ RequestParam ( value = "otherId" , defaultValue = "" ) String id2 , @ RequestHeader ( defaultValue = "bar" ) String header , HttpServletResponse response );-0.3333333333333333;0.023583300715070133 
spring-webmvc/src/test/java/org/springframework/web/servlet/mvc/method/annotation/ServletAnnotationControllerHandlerMethodTests.java;EntityPredicate.accept( E entity );-0.8;0.18054155250274548 
spring-webmvc/src/test/java/org/springframework/web/servlet/mvc/method/annotation/ServletAnnotationControllerHandlerMethodTests.java;OptionalParamController.myHandle( @ RequestParam ( required = false ) String id , @ RequestParam ( required = false ) boolean flag , @ RequestHeader ( value = "header" , required = false ) String header , HttpServletResponse response );-0.3333333333333333;0.023583300715070133 
spring-webmvc/src/test/java/org/springframework/web/servlet/mvc/method/annotation/ServletAnnotationControllerHandlerMethodTests.java;PathVariableDataClassController.handle( DataClass data );-0.3333333333333333;0.023583300715070133 
spring-webmvc/src/test/java/org/springframework/web/servlet/mvc/method/annotation/ServletAnnotationControllerHandlerMethodTests.java;ValidatedDataClassController.handle( @ Valid DataClass data , BindingResult result );-0.375;0.06520825178767534 
spring-webmvc/src/test/java/org/springframework/web/servlet/resource/ResourceHttpRequestHandlerTests.java;ResourceHttpRequestHandlerTests.getResourceHttp10BehaviorCache( );-0.35714285714285715;0.08754155250274546 
spring-webmvc/src/test/java/org/springframework/web/servlet/tags/form/FormTagTests.java;FormTagTests.getFormTag( String output );-0.4;0.0413749510726052 
spring-webmvc/src/test/java/org/springframework/web/servlet/tags/form/SelectTagTests.java;SelectTagTests.getAsText( );-0.3333333333333333;0.023583300715070133 
spring-webmvc/src/test/java/org/springframework/web/servlet/tags/form/SelectTagTests.java;SelectTagTests.setAsText( String text );-0.6666666666666666;0.05084718416758182 
spring-webmvc/src/test/java/org/springframework/web/servlet/view/RedirectViewTests.java;RedirectViewTests.arrayParam( );-0.4;0.11493041964612556 
spring-webmvc/src/test/java/org/springframework/web/servlet/view/RedirectViewTests.java;RedirectViewTests.collectionParam( );-0.35294117647058826;0.11141897086487443 
spring-webmvc/src/test/java/org/springframework/web/servlet/view/RedirectViewTests.java;RedirectViewTests.twoParams( );-0.3333333333333333;0.11005540333699396 
spring-websocket/src/main/java/org/springframework/web/socket/WebSocketExtension.java;WebSocketExtension.hashCode( );-0.3333333333333333;0.023583300715070133 
spring-websocket/src/main/java/org/springframework/web/socket/messaging/SubProtocolWebSocketHandler.java;DefaultStats.toString( );-0.7272727272727273;0.1652688252300182 
spring-websocket/src/main/java/org/springframework/web/socket/sockjs/frame/AbstractSockJsMessageCodec.java;AbstractSockJsMessageCodec.isSockJsSpecialChar( char ch );-1.8;0.6323053707187308 
spring-websocket/src/main/java/org/springframework/web/socket/sockjs/transport/session/WebSocketServerSockJsSession.java;WebSocketServerSockJsSession.isActive( );-0.3333333333333333;0.039305501191783554 
spring-websocket/src/test/java/org/springframework/web/socket/config/annotation/WebSocketMessageBrokerConfigurationSupportTests.java;TestConfigurer.configureWebSocketTransport( WebSocketTransportRegistration registration );-0.5;0.061569384644295254 
